CREATE TABLE t1 (pk INT PRIMARY KEY AUTO_INCREMENT, c VARCHAR(256)) ENGINE=INNODB ENCRYPTED=YES;
SELECT * FROM t1 INTO OUTFILE "MYSQLTEST_VARDIR/tmp/t1.outfile";
CREATE TABLE t2 (pk INT, c CHAR(255)) ENGINE=INNODB ENCRYPTED=YES;
INSERT INTO t2 SELECT NULL, 'c' FROM seq_1_to_1000;
# Corrupt the pages
LOAD DATA INFILE 'MYSQLTEST_VARDIR/tmp/t1.outfile' INTO table t2;
Got one of the listed errors
DROP TABLE t1, t2;
